{"_id":{"$oid":"609e3c67a560c53a5994f2ac"},"group_username":"Fake_groop","date_of_scrapting":{"$date":{"$numberLong":"1620993687887"}},"group_data":[{"Message_id":{"$numberInt":"6068"},"Message":" ","Sender_id":{"$numberInt":"1566350324"},"Replay_to":" ","Time":"2021-05-13 22:55:44+00:00"},{"Message_id":{"$numberInt":"6067"},"Message":" ","Sender_id":{"$numberInt":"1714254992"},"Replay_to":" ","Time":"2021-05-13 22:47:07+00:00"},{"Message_id":{"$numberInt":"6066"},"Message":" ","Sender_id":{"$numberInt":"1718244722"},"Replay_to":" ","Time":"2021-05-13 22:46:06+00:00"},{"Message_id":{"$numberInt":"6065"},"Message":" ","Sender_id":{"$numberInt":"1746779852"},"Replay_to":" ","Time":"2021-05-13 22:36:25+00:00"},{"Message_id":{"$numberInt":"6064"},"Message":" ","Sender_id":{"$numberInt":"1245645871"},"Replay_to":" ","Time":"2021-05-13 22:35:09+00:00"},{"Message_id":{"$numberInt":"6063"},"Message":" ","Sender_id":{"$numberInt":"1668233641"},"Replay_to":" ","Time":"2021-05-13 22:31:29+00:00"},{"Message_id":{"$numberInt":"6062"},"Message":" ","Sender_id":{"$numberInt":"1762915676"},"Replay_to":" ","Time":"2021-05-13 22:08:08+00:00"},{"Message_id":{"$numberInt":"6061"},"Message":" ","Sender_id":{"$numberInt":"1747397774"},"Replay_to":" ","Time":"2021-05-13 22:07:26+00:00"},{"Message_id":{"$numberInt":"6060"},"Message":" ","Sender_id":{"$numberInt":"1747058282"},"Replay_to":" ","Time":"2021-05-13 22:04:30+00:00"},{"Message_id":{"$numberInt":"6059"},"Message":" ","Sender_id":{"$numberInt":"1796717749"},"Replay_to":" ","Time":"2021-05-13 22:02:36+00:00"},{"Message_id":{"$numberInt":"6058"},"Message":" ","Sender_id":{"$numberInt":"1638906980"},"Replay_to":" ","Time":"2021-05-13 21:58:27+00:00"},{"Message_id":{"$numberInt":"6057"},"Message":" ","Sender_id":{"$numberInt":"1415103246"},"Replay_to":" ","Time":"2021-05-13 21:51:23+00:00"},{"Message_id":{"$numberInt":"6056"},"Message":" ","Sender_id":{"$numberInt":"1630802638"},"Replay_to":" ","Time":"2021-05-13 21:47:10+00:00"},{"Message_id":{"$numberInt":"6055"},"Message":" ","Sender_id":{"$numberInt":"1758768282"},"Replay_to":" ","Time":"2021-05-13 21:32:34+00:00"},{"Message_id":{"$numberInt":"6054"},"Message":" ","Sender_id":{"$numberInt":"1615542114"},"Replay_to":" ","Time":"2021-05-13 21:30:41+00:00"},{"Message_id":{"$numberInt":"6053"},"Message":" ","Sender_id":{"$numberInt":"1593571930"},"Replay_to":" ","Time":"2021-05-13 21:26:32+00:00"},{"Message_id":{"$numberInt":"6052"},"Message":" ","Sender_id":{"$numberInt":"1652503764"},"Replay_to":" ","Time":"2021-05-13 21:23:32+00:00"},{"Message_id":{"$numberInt":"6051"},"Message":" ","Sender_id":{"$numberInt":"1031571475"},"Replay_to":" ","Time":"2021-05-13 21:23:23+00:00"},{"Message_id":{"$numberInt":"6050"},"Message":" ","Sender_id":{"$numberInt":"1515464053"},"Replay_to":" ","Time":"2021-05-13 21:10:39+00:00"},{"Message_id":{"$numberInt":"6049"},"Message":" ","Sender_id":{"$numberInt":"1723405115"},"Replay_to":" ","Time":"2021-05-13 21:00:22+00:00"},{"Message_id":{"$numberInt":"6048"},"Message":" ","Sender_id":{"$numberInt":"1800793160"},"Replay_to":" ","Time":"2021-05-13 20:57:44+00:00"},{"Message_id":{"$numberInt":"6047"},"Message":" ","Sender_id":{"$numberInt":"1665099427"},"Replay_to":" ","Time":"2021-05-13 20:46:54+00:00"},{"Message_id":{"$numberInt":"6046"},"Message":" ","Sender_id":{"$numberInt":"1591449784"},"Replay_to":" ","Time":"2021-05-13 20:46:29+00:00"},{"Message_id":{"$numberInt":"6045"},"Message":" ","Sender_id":{"$numberInt":"1671800225"},"Replay_to":" ","Time":"2021-05-13 20:37:05+00:00"},{"Message_id":{"$numberInt":"6044"},"Message":" ","Sender_id":{"$numberInt":"1608958640"},"Replay_to":" ","Time":"2021-05-13 20:30:07+00:00"},{"Message_id":{"$numberInt":"6043"},"Message":" ","Sender_id":{"$numberInt":"1774863228"},"Replay_to":" ","Time":"2021-05-13 20:28:08+00:00"},{"Message_id":{"$numberInt":"6042"},"Message":" ","Sender_id":{"$numberInt":"1361895473"},"Replay_to":" ","Time":"2021-05-13 20:24:02+00:00"},{"Message_id":{"$numberInt":"6041"},"Message":" ","Sender_id":{"$numberInt":"1634419500"},"Replay_to":" ","Time":"2021-05-13 20:17:37+00:00"},{"Message_id":{"$numberInt":"6040"},"Message":" ","Sender_id":{"$numberInt":"1565493743"},"Replay_to":" ","Time":"2021-05-13 20:15:33+00:00"},{"Message_id":{"$numberInt":"6039"},"Message":" ","Sender_id":{"$numberInt":"1889003333"},"Replay_to":" ","Time":"2021-05-13 20:04:41+00:00"},{"Message_id":{"$numberInt":"6038"},"Message":" ","Sender_id":{"$numberInt":"1792334711"},"Replay_to":" ","Time":"2021-05-13 20:04:38+00:00"},{"Message_id":{"$numberInt":"6037"},"Message":" ","Sender_id":{"$numberInt":"1831104087"},"Replay_to":" ","Time":"2021-05-13 20:01:54+00:00"},{"Message_id":{"$numberInt":"6036"},"Message":" ","Sender_id":{"$numberInt":"1571421323"},"Replay_to":" ","Time":"2021-05-13 19:54:05+00:00"},{"Message_id":{"$numberInt":"6035"},"Message":" ","Sender_id":{"$numberInt":"1824235518"},"Replay_to":" ","Time":"2021-05-13 19:52:06+00:00"},{"Message_id":{"$numberInt":"6034"},"Message":" ","Sender_id":{"$numberInt":"1745808143"},"Replay_to":" ","Time":"2021-05-13 19:50:08+00:00"},{"Message_id":{"$numberInt":"6033"},"Message":" ","Sender_id":{"$numberInt":"1774013685"},"Replay_to":" ","Time":"2021-05-13 19:48:09+00:00"},{"Message_id":{"$numberInt":"6032"},"Message":" ","Sender_id":{"$numberInt":"1848426833"},"Replay_to":" ","Time":"2021-05-13 19:47:55+00:00"},{"Message_id":{"$numberInt":"6031"},"Message":" ","Sender_id":{"$numberInt":"1716709706"},"Replay_to":" ","Time":"2021-05-13 19:44:00+00:00"},{"Message_id":{"$numberInt":"6030"},"Message":" ","Sender_id":{"$numberInt":"1827995184"},"Replay_to":" ","Time":"2021-05-13 19:28:07+00:00"},{"Message_id":{"$numberInt":"6029"},"Message":" ","Sender_id":{"$numberInt":"1604446164"},"Replay_to":" ","Time":"2021-05-13 19:17:32+00:00"},{"Message_id":{"$numberInt":"6028"},"Message":" ","Sender_id":{"$numberInt":"1739366536"},"Replay_to":" ","Time":"2021-05-13 19:07:58+00:00"},{"Message_id":{"$numberInt":"6027"},"Message":" ","Sender_id":{"$numberInt":"1618477522"},"Replay_to":" ","Time":"2021-05-13 18:57:30+00:00"},{"Message_id":{"$numberInt":"6026"},"Message":" ","Sender_id":{"$numberInt":"1754209260"},"Replay_to":" ","Time":"2021-05-13 18:57:03+00:00"},{"Message_id":{"$numberInt":"6025"},"Message":" ","Sender_id":{"$numberInt":"1780962542"},"Replay_to":" ","Time":"2021-05-13 18:56:44+00:00"},{"Message_id":{"$numberInt":"6024"},"Message":" ","Sender_id":{"$numberInt":"1635434161"},"Replay_to":" ","Time":"2021-05-13 18:52:15+00:00"},{"Message_id":{"$numberInt":"6023"},"Message":"ها؟","Sender_id":{"$numberInt":"1625593779"},"Replay_to":" ","Time":"2021-05-13 18:51:46+00:00"},{"Message_id":{"$numberInt":"6022"},"Message":" ","Sender_id":{"$numberInt":"1617865758"},"Replay_to":" ","Time":"2021-05-13 18:45:34+00:00"},{"Message_id":{"$numberInt":"6021"},"Message":" ","Sender_id":{"$numberInt":"1760659609"},"Replay_to":" ","Time":"2021-05-13 18:43:38+00:00"},{"Message_id":{"$numberInt":"6020"},"Message":" ","Sender_id":{"$numberInt":"1275617826"},"Replay_to":" ","Time":"2021-05-13 18:39:55+00:00"},{"Message_id":{"$numberInt":"6019"},"Message":" ","Sender_id":{"$numberInt":"1873945064"},"Replay_to":" ","Time":"2021-05-13 18:35:57+00:00"},{"Message_id":{"$numberInt":"6018"},"Message":" ","Sender_id":{"$numberInt":"1683185461"},"Replay_to":" ","Time":"2021-05-13 18:27:38+00:00"},{"Message_id":{"$numberInt":"6017"},"Message":" ","Sender_id":{"$numberInt":"1625593779"},"Replay_to":" ","Time":"2021-05-13 18:27:25+00:00"},{"Message_id":{"$numberInt":"6016"},"Message":" ","Sender_id":{"$numberInt":"1772987363"},"Replay_to":" ","Time":"2021-05-13 18:25:04+00:00"},{"Message_id":{"$numberInt":"6015"},"Message":" ","Sender_id":{"$numberInt":"1470782027"},"Replay_to":" ","Time":"2021-05-13 18:15:32+00:00"},{"Message_id":{"$numberInt":"6014"},"Message":" ","Sender_id":{"$numberInt":"1643124350"},"Replay_to":" ","Time":"2021-05-13 18:14:14+00:00"},{"Message_id":{"$numberInt":"6013"},"Message":" ","Sender_id":{"$numberInt":"1669893210"},"Replay_to":" ","Time":"2021-05-13 18:00:44+00:00"},{"Message_id":{"$numberInt":"6012"},"Message":" ","Sender_id":{"$numberInt":"1704516455"},"Replay_to":" ","Time":"2021-05-13 17:51:46+00:00"},{"Message_id":{"$numberInt":"6011"},"Message":" ","Sender_id":{"$numberInt":"1674278749"},"Replay_to":" ","Time":"2021-05-13 17:39:46+00:00"},{"Message_id":{"$numberInt":"6010"},"Message":" ","Sender_id":{"$numberInt":"1604988154"},"Replay_to":" ","Time":"2021-05-13 17:29:07+00:00"},{"Message_id":{"$numberInt":"6009"},"Message":" ","Sender_id":{"$numberInt":"1797374721"},"Replay_to":" ","Time":"2021-05-13 17:29:05+00:00"},{"Message_id":{"$numberInt":"6008"},"Message":" ","Sender_id":{"$numberInt":"1869689683"},"Replay_to":" ","Time":"2021-05-13 17:23:12+00:00"},{"Message_id":{"$numberInt":"6007"},"Message":" ","Sender_id":{"$numberInt":"1734290464"},"Replay_to":" ","Time":"2021-05-13 17:21:18+00:00"},{"Message_id":{"$numberInt":"6006"},"Message":" ","Sender_id":{"$numberInt":"1689412778"},"Replay_to":" ","Time":"2021-05-13 17:02:14+00:00"},{"Message_id":{"$numberInt":"6005"},"Message":" ","Sender_id":{"$numberInt":"1630226243"},"Replay_to":" ","Time":"2021-05-13 16:59:36+00:00"},{"Message_id":{"$numberInt":"6004"},"Message":" ","Sender_id":{"$numberInt":"1736722946"},"Replay_to":" ","Time":"2021-05-13 16:57:41+00:00"},{"Message_id":{"$numberInt":"6003"},"Message":" ","Sender_id":{"$numberInt":"1748696702"},"Replay_to":" ","Time":"2021-05-13 16:50:25+00:00"},{"Message_id":{"$numberInt":"6002"},"Message":" ","Sender_id":{"$numberInt":"1768332079"},"Replay_to":" ","Time":"2021-05-13 16:45:54+00:00"},{"Message_id":{"$numberInt":"6001"},"Message":" ","Sender_id":{"$numberInt":"1170191369"},"Replay_to":" ","Time":"2021-05-13 16:40:58+00:00"},{"Message_id":{"$numberInt":"6000"},"Message":" ","Sender_id":{"$numberInt":"1854942647"},"Replay_to":" ","Time":"2021-05-13 16:36:51+00:00"},{"Message_id":{"$numberInt":"5999"},"Message":" ","Sender_id":{"$numberInt":"1738493862"},"Replay_to":" ","Time":"2021-05-13 16:36:17+00:00"},{"Message_id":{"$numberInt":"5998"},"Message":" ","Sender_id":{"$numberInt":"1728039692"},"Replay_to":" ","Time":"2021-05-13 16:25:35+00:00"},{"Message_id":{"$numberInt":"5997"},"Message":" ","Sender_id":{"$numberInt":"1702171970"},"Replay_to":" ","Time":"2021-05-13 16:20:23+00:00"},{"Message_id":{"$numberInt":"5996"},"Message":" ","Sender_id":{"$numberInt":"1785964063"},"Replay_to":" ","Time":"2021-05-13 16:09:25+00:00"},{"Message_id":{"$numberInt":"5995"},"Message":" ","Sender_id":{"$numberInt":"1753673076"},"Replay_to":" ","Time":"2021-05-13 15:56:22+00:00"},{"Message_id":{"$numberInt":"5994"},"Message":" ","Sender_id":{"$numberInt":"1738688995"},"Replay_to":" ","Time":"2021-05-13 15:56:11+00:00"},{"Message_id":{"$numberInt":"5993"},"Message":" ","Sender_id":{"$numberInt":"1590334991"},"Replay_to":" ","Time":"2021-05-13 15:54:51+00:00"},{"Message_id":{"$numberInt":"5992"},"Message":" ","Sender_id":{"$numberInt":"1650303806"},"Replay_to":" ","Time":"2021-05-13 15:41:15+00:00"},{"Message_id":{"$numberInt":"5991"},"Message":" ","Sender_id":{"$numberInt":"1602355229"},"Replay_to":" ","Time":"2021-05-13 15:36:44+00:00"},{"Message_id":{"$numberInt":"5990"},"Message":" ","Sender_id":{"$numberInt":"1749962609"},"Replay_to":" ","Time":"2021-05-13 15:20:47+00:00"},{"Message_id":{"$numberInt":"5989"},"Message":" ","Sender_id":{"$numberInt":"1598654467"},"Replay_to":" ","Time":"2021-05-13 15:17:02+00:00"},{"Message_id":{"$numberInt":"5988"},"Message":" ","Sender_id":{"$numberInt":"1869085781"},"Replay_to":" ","Time":"2021-05-13 15:12:45+00:00"},{"Message_id":{"$numberInt":"5987"},"Message":" ","Sender_id":{"$numberInt":"1723128117"},"Replay_to":" ","Time":"2021-05-13 15:08:36+00:00"},{"Message_id":{"$numberInt":"5986"},"Message":" ","Sender_id":{"$numberInt":"1606491332"},"Replay_to":" ","Time":"2021-05-13 15:06:53+00:00"},{"Message_id":{"$numberInt":"5985"},"Message":" ","Sender_id":{"$numberInt":"1583885856"},"Replay_to":" ","Time":"2021-05-13 15:03:18+00:00"},{"Message_id":{"$numberInt":"5984"},"Message":" ","Sender_id":{"$numberInt":"1844093169"},"Replay_to":" ","Time":"2021-05-13 14:59:40+00:00"},{"Message_id":{"$numberInt":"5983"},"Message":" ","Sender_id":{"$numberInt":"1602593744"},"Replay_to":" ","Time":"2021-05-13 14:23:50+00:00"},{"Message_id":{"$numberInt":"5982"},"Message":" ","Sender_id":{"$numberInt":"1655233928"},"Replay_to":" ","Time":"2021-05-13 14:08:41+00:00"},{"Message_id":{"$numberInt":"5981"},"Message":" ","Sender_id":{"$numberInt":"1548231036"},"Replay_to":" ","Time":"2021-05-13 13:52:40+00:00"},{"Message_id":{"$numberInt":"5980"},"Message":" ","Sender_id":{"$numberInt":"1589461381"},"Replay_to":" ","Time":"2021-05-13 13:44:31+00:00"},{"Message_id":{"$numberInt":"5979"},"Message":" ","Sender_id":{"$numberInt":"1522571467"},"Replay_to":" ","Time":"2021-05-13 13:42:29+00:00"},{"Message_id":{"$numberInt":"5978"},"Message":" ","Sender_id":{"$numberInt":"1698768038"},"Replay_to":" ","Time":"2021-05-13 13:42:17+00:00"},{"Message_id":{"$numberInt":"5977"},"Message":" ","Sender_id":{"$numberInt":"1649847469"},"Replay_to":" ","Time":"2021-05-13 13:40:28+00:00"},{"Message_id":{"$numberInt":"5976"},"Message":" ","Sender_id":{"$numberInt":"1714488053"},"Replay_to":" ","Time":"2021-05-13 13:38:40+00:00"},{"Message_id":{"$numberInt":"5975"},"Message":" ","Sender_id":{"$numberInt":"1605262857"},"Replay_to":" ","Time":"2021-05-13 13:26:31+00:00"},{"Message_id":{"$numberInt":"5974"},"Message":" ","Sender_id":{"$numberInt":"1647847668"},"Replay_to":" ","Time":"2021-05-13 13:22:39+00:00"},{"Message_id":{"$numberInt":"5973"},"Message":" ","Sender_id":{"$numberInt":"1602312062"},"Replay_to":" ","Time":"2021-05-13 13:16:04+00:00"},{"Message_id":{"$numberInt":"5972"},"Message":" ","Sender_id":{"$numberInt":"1729371557"},"Replay_to":" ","Time":"2021-05-13 13:06:59+00:00"},{"Message_id":{"$numberInt":"5971"},"Message":" ","Sender_id":{"$numberInt":"1681765859"},"Replay_to":" ","Time":"2021-05-13 13:02:04+00:00"},{"Message_id":{"$numberInt":"5970"},"Message":" ","Sender_id":{"$numberInt":"1721036664"},"Replay_to":" ","Time":"2021-05-13 12:58:39+00:00"},{"Message_id":{"$numberInt":"5969"},"Message":" ","Sender_id":{"$numberInt":"1771599793"},"Replay_to":" ","Time":"2021-05-13 12:49:00+00:00"},{"Message_id":{"$numberInt":"5968"},"Message":" ","Sender_id":{"$numberInt":"1565835314"},"Replay_to":" ","Time":"2021-05-13 12:45:58+00:00"},{"Message_id":{"$numberInt":"5967"},"Message":" ","Sender_id":{"$numberInt":"1792158276"},"Replay_to":" ","Time":"2021-05-13 12:21:19+00:00"},{"Message_id":{"$numberInt":"5966"},"Message":" ","Sender_id":{"$numberInt":"1735641625"},"Replay_to":" ","Time":"2021-05-13 12:17:09+00:00"},{"Message_id":{"$numberInt":"5965"},"Message":" ","Sender_id":{"$numberInt":"1774069539"},"Replay_to":" ","Time":"2021-05-13 12:16:59+00:00"},{"Message_id":{"$numberInt":"5964"},"Message":" ","Sender_id":{"$numberInt":"1666002388"},"Replay_to":" ","Time":"2021-05-13 12:13:31+00:00"},{"Message_id":{"$numberInt":"5963"},"Message":" ","Sender_id":{"$numberInt":"1828840520"},"Replay_to":" ","Time":"2021-05-13 12:12:48+00:00"},{"Message_id":{"$numberInt":"5962"},"Message":" ","Sender_id":{"$numberInt":"1773696510"},"Replay_to":" ","Time":"2021-05-13 12:01:34+00:00"},{"Message_id":{"$numberInt":"5961"},"Message":" ","Sender_id":{"$numberInt":"1639235364"},"Replay_to":" ","Time":"2021-05-13 12:00:49+00:00"},{"Message_id":{"$numberInt":"5960"},"Message":" ","Sender_id":{"$numberInt":"1712426699"},"Replay_to":" ","Time":"2021-05-13 11:58:45+00:00"},{"Message_id":{"$numberInt":"5959"},"Message":" ","Sender_id":{"$numberInt":"1661399973"},"Replay_to":" ","Time":"2021-05-13 11:54:40+00:00"},{"Message_id":{"$numberInt":"5958"},"Message":" ","Sender_id":{"$numberInt":"1546748038"},"Replay_to":" ","Time":"2021-05-13 11:50:42+00:00"},{"Message_id":{"$numberInt":"5957"},"Message":" ","Sender_id":{"$numberInt":"1771076040"},"Replay_to":" ","Time":"2021-05-13 11:49:35+00:00"},{"Message_id":{"$numberInt":"5956"},"Message":" ","Sender_id":{"$numberInt":"1729778181"},"Replay_to":" ","Time":"2021-05-13 11:48:42+00:00"},{"Message_id":{"$numberInt":"5955"},"Message":" ","Sender_id":{"$numberInt":"1773715414"},"Replay_to":" ","Time":"2021-05-13 11:43:56+00:00"},{"Message_id":{"$numberInt":"5954"},"Message":" ","Sender_id":{"$numberInt":"1696093707"},"Replay_to":" ","Time":"2021-05-13 11:34:20+00:00"},{"Message_id":{"$numberInt":"5953"},"Message":" ","Sender_id":{"$numberInt":"1430686706"},"Replay_to":" ","Time":"2021-05-13 11:30:26+00:00"},{"Message_id":{"$numberInt":"5952"},"Message":" ","Sender_id":{"$numberInt":"1622778576"},"Replay_to":" ","Time":"2021-05-13 11:26:20+00:00"},{"Message_id":{"$numberInt":"5951"},"Message":" ","Sender_id":{"$numberInt":"1769480809"},"Replay_to":" ","Time":"2021-05-13 11:23:48+00:00"},{"Message_id":{"$numberInt":"5950"},"Message":" ","Sender_id":{"$numberInt":"1889923292"},"Replay_to":" ","Time":"2021-05-13 11:13:44+00:00"},{"Message_id":{"$numberInt":"5949"},"Message":" ","Sender_id":{"$numberInt":"1881054291"},"Replay_to":" ","Time":"2021-05-13 11:12:37+00:00"},{"Message_id":{"$numberInt":"5948"},"Message":" ","Sender_id":{"$numberInt":"1766308785"},"Replay_to":" ","Time":"2021-05-13 11:10:58+00:00"},{"Message_id":{"$numberInt":"5947"},"Message":" ","Sender_id":{"$numberInt":"1846653516"},"Replay_to":" ","Time":"2021-05-13 11:05:56+00:00"},{"Message_id":{"$numberInt":"5946"},"Message":" ","Sender_id":{"$numberInt":"1208276660"},"Replay_to":" ","Time":"2021-05-13 10:46:55+00:00"},{"Message_id":{"$numberInt":"5945"},"Message":" ","Sender_id":{"$numberInt":"1890873081"},"Replay_to":" ","Time":"2021-05-13 10:45:50+00:00"},{"Message_id":{"$numberInt":"5944"},"Message":" ","Sender_id":{"$numberInt":"1601403813"},"Replay_to":" ","Time":"2021-05-13 10:43:22+00:00"},{"Message_id":{"$numberInt":"5943"},"Message":" ","Sender_id":{"$numberInt":"1717221555"},"Replay_to":" ","Time":"2021-05-13 10:39:25+00:00"},{"Message_id":{"$numberInt":"5942"},"Message":" ","Sender_id":{"$numberInt":"1682163105"},"Replay_to":" ","Time":"2021-05-13 10:38:39+00:00"},{"Message_id":{"$numberInt":"5941"},"Message":" ","Sender_id":{"$numberInt":"1855481005"},"Replay_to":" ","Time":"2021-05-13 10:24:34+00:00"},{"Message_id":{"$numberInt":"5940"},"Message":" ","Sender_id":{"$numberInt":"1719500004"},"Replay_to":" ","Time":"2021-05-13 10:23:40+00:00"},{"Message_id":{"$numberInt":"5939"},"Message":" ","Sender_id":{"$numberInt":"1794065127"},"Replay_to":" ","Time":"2021-05-13 10:21:24+00:00"},{"Message_id":{"$numberInt":"5938"},"Message":" ","Sender_id":{"$numberInt":"1768246554"},"Replay_to":" ","Time":"2021-05-13 10:19:13+00:00"},{"Message_id":{"$numberInt":"5937"},"Message":" ","Sender_id":{"$numberInt":"1253755902"},"Replay_to":" ","Time":"2021-05-13 10:14:31+00:00"},{"Message_id":{"$numberInt":"5936"},"Message":" ","Sender_id":{"$numberInt":"1754567774"},"Replay_to":" ","Time":"2021-05-13 10:13:35+00:00"},{"Message_id":{"$numberInt":"5935"},"Message":" ","Sender_id":{"$numberInt":"1428198876"},"Replay_to":" ","Time":"2021-05-13 09:57:34+00:00"},{"Message_id":{"$numberInt":"5934"},"Message":" ","Sender_id":{"$numberInt":"1243395863"},"Replay_to":" ","Time":"2021-05-13 09:53:32+00:00"},{"Message_id":{"$numberInt":"5933"},"Message":" ","Sender_id":{"$numberInt":"1734499683"},"Replay_to":" ","Time":"2021-05-13 09:49:50+00:00"},{"Message_id":{"$numberInt":"5932"},"Message":" ","Sender_id":{"$numberInt":"1187551184"},"Replay_to":" ","Time":"2021-05-13 09:36:15+00:00"},{"Message_id":{"$numberInt":"5931"},"Message":" ","Sender_id":{"$numberInt":"1814373630"},"Replay_to":" ","Time":"2021-05-13 09:27:24+00:00"},{"Message_id":{"$numberInt":"5930"},"Message":" ","Sender_id":{"$numberInt":"1634014166"},"Replay_to":" ","Time":"2021-05-13 09:24:39+00:00"},{"Message_id":{"$numberInt":"5929"},"Message":" ","Sender_id":{"$numberInt":"1853753441"},"Replay_to":" ","Time":"2021-05-13 09:16:21+00:00"},{"Message_id":{"$numberInt":"5928"},"Message":" ","Sender_id":{"$numberInt":"1700110139"},"Replay_to":" ","Time":"2021-05-13 09:07:13+00:00"},{"Message_id":{"$numberInt":"5927"},"Message":" ","Sender_id":{"$numberInt":"1713561793"},"Replay_to":" ","Time":"2021-05-13 09:05:37+00:00"},{"Message_id":{"$numberInt":"5926"},"Message":" ","Sender_id":{"$numberInt":"1657470711"},"Replay_to":" ","Time":"2021-05-13 08:53:18+00:00"},{"Message_id":{"$numberInt":"5925"},"Message":" ","Sender_id":{"$numberInt":"1837912972"},"Replay_to":" ","Time":"2021-05-13 08:36:40+00:00"},{"Message_id":{"$numberInt":"5924"},"Message":" ","Sender_id":{"$numberInt":"1819234132"},"Replay_to":" ","Time":"2021-05-13 08:27:36+00:00"},{"Message_id":{"$numberInt":"5923"},"Message":" ","Sender_id":{"$numberInt":"303745533"},"Replay_to":" ","Time":"2021-05-13 07:36:35+00:00"},{"Message_id":{"$numberInt":"5922"},"Message":" ","Sender_id":{"$numberInt":"1845091249"},"Replay_to":" ","Time":"2021-05-13 07:28:29+00:00"},{"Message_id":{"$numberInt":"5921"},"Message":" ","Sender_id":{"$numberInt":"1814343313"},"Replay_to":" ","Time":"2021-05-13 07:22:31+00:00"},{"Message_id":{"$numberInt":"5920"},"Message":" ","Sender_id":{"$numberInt":"1883676040"},"Replay_to":" ","Time":"2021-05-13 07:20:37+00:00"},{"Message_id":{"$numberInt":"5919"},"Message":" ","Sender_id":{"$numberInt":"1885913171"},"Replay_to":" ","Time":"2021-05-13 07:16:29+00:00"},{"Message_id":{"$numberInt":"5918"},"Message":" ","Sender_id":{"$numberInt":"1807053799"},"Replay_to":" ","Time":"2021-05-13 07:12:40+00:00"},{"Message_id":{"$numberInt":"5917"},"Message":" ","Sender_id":{"$numberInt":"1878591568"},"Replay_to":" ","Time":"2021-05-13 07:07:22+00:00"},{"Message_id":{"$numberInt":"5916"},"Message":" ","Sender_id":{"$numberInt":"1626294239"},"Replay_to":" ","Time":"2021-05-13 06:51:29+00:00"},{"Message_id":{"$numberInt":"5915"},"Message":" ","Sender_id":{"$numberInt":"1667944928"},"Replay_to":" ","Time":"2021-05-13 06:15:37+00:00"},{"Message_id":{"$numberInt":"5914"},"Message":" ","Sender_id":{"$numberInt":"1759510833"},"Replay_to":" ","Time":"2021-05-13 05:31:21+00:00"},{"Message_id":{"$numberInt":"5913"},"Message":" ","Sender_id":{"$numberInt":"1859117546"},"Replay_to":" ","Time":"2021-05-13 04:47:09+00:00"},{"Message_id":{"$numberInt":"5912"},"Message":" ","Sender_id":{"$numberInt":"1636647326"},"Replay_to":" ","Time":"2021-05-13 02:15:34+00:00"},{"Message_id":{"$numberInt":"5911"},"Message":" ","Sender_id":{"$numberInt":"1638047368"},"Replay_to":" ","Time":"2021-05-13 02:15:33+00:00"},{"Message_id":{"$numberInt":"5910"},"Message":" ","Sender_id":{"$numberInt":"1576935762"},"Replay_to":" ","Time":"2021-05-13 02:15:26+00:00"},{"Message_id":{"$numberInt":"5909"},"Message":" ","Sender_id":{"$numberInt":"1726585907"},"Replay_to":" ","Time":"2021-05-13 01:15:46+00:00"},{"Message_id":{"$numberInt":"5908"},"Message":" ","Sender_id":{"$numberInt":"1727385095"},"Replay_to":" ","Time":"2021-05-13 01:15:38+00:00"},{"Message_id":{"$numberInt":"5907"},"Message":" ","Sender_id":{"$numberInt":"1770041662"},"Replay_to":" ","Time":"2021-05-13 00:45:53+00:00"},{"Message_id":{"$numberInt":"5906"},"Message":" ","Sender_id":{"$numberInt":"1704711567"},"Replay_to":" ","Time":"2021-05-13 00:15:52+00:00"},{"Message_id":{"$numberInt":"5905"},"Message":" ","Sender_id":{"$numberInt":"1759678145"},"Replay_to":" ","Time":"2021-05-13 00:15:43+00:00"},{"Message_id":{"$numberInt":"5904"},"Message":" ","Sender_id":{"$numberInt":"1780006241"},"Replay_to":" ","Time":"2021-05-12 23:16:51+00:00"},{"Message_id":{"$numberInt":"5903"},"Message":" ","Sender_id":{"$numberInt":"1725897022"},"Replay_to":" ","Time":"2021-05-12 23:16:45+00:00"},{"Message_id":{"$numberInt":"5902"},"Message":" ","Sender_id":{"$numberInt":"1733564813"},"Replay_to":" ","Time":"2021-05-12 23:16:31+00:00"},{"Message_id":{"$numberInt":"5901"},"Message":" ","Sender_id":{"$numberInt":"1675295362"},"Replay_to":" ","Time":"2021-05-12 23:01:16+00:00"},{"Message_id":{"$numberInt":"5900"},"Message":" ","Sender_id":{"$numberInt":"1704419305"},"Replay_to":" ","Time":"2021-05-12 22:48:21+00:00"},{"Message_id":{"$numberInt":"5899"},"Message":" ","Sender_id":{"$numberInt":"1779457957"},"Replay_to":" ","Time":"2021-05-12 22:48:20+00:00"},{"Message_id":{"$numberInt":"5898"},"Message":" ","Sender_id":{"$numberInt":"1716642920"},"Replay_to":" ","Time":"2021-05-12 22:47:48+00:00"},{"Message_id":{"$numberInt":"5897"},"Message":" ","Sender_id":{"$numberInt":"1773673163"},"Replay_to":" ","Time":"2021-05-12 22:46:22+00:00"},{"Message_id":{"$numberInt":"5896"},"Message":" ","Sender_id":{"$numberInt":"1730488764"},"Replay_to":" ","Time":"2021-05-12 22:32:09+00:00"},{"Message_id":{"$numberInt":"5895"},"Message":" ","Sender_id":{"$numberInt":"1716656775"},"Replay_to":" ","Time":"2021-05-12 22:32:07+00:00"},{"Message_id":{"$numberInt":"5894"},"Message":" ","Sender_id":{"$numberInt":"1756145858"},"Replay_to":" ","Time":"2021-05-12 22:31:43+00:00"},{"Message_id":{"$numberInt":"5893"},"Message":" ","Sender_id":{"$numberInt":"1772589797"},"Replay_to":" ","Time":"2021-05-12 22:30:50+00:00"},{"Message_id":{"$numberInt":"5892"},"Message":" ","Sender_id":{"$numberInt":"1744749592"},"Replay_to":" ","Time":"2021-05-12 22:30:32+00:00"},{"Message_id":{"$numberInt":"5891"},"Message":" ","Sender_id":{"$numberInt":"1266230559"},"Replay_to":" ","Time":"2021-05-12 22:28:25+00:00"},{"Message_id":{"$numberInt":"5890"},"Message":" ","Sender_id":{"$numberInt":"1749151809"},"Replay_to":" ","Time":"2021-05-12 22:16:17+00:00"},{"Message_id":{"$numberInt":"5889"},"Message":" ","Sender_id":{"$numberInt":"1795175607"},"Replay_to":" ","Time":"2021-05-12 22:15:56+00:00"},{"Message_id":{"$numberInt":"5888"},"Message":" ","Sender_id":{"$numberInt":"1751313449"},"Replay_to":" ","Time":"2021-05-12 21:17:31+00:00"},{"Message_id":{"$numberInt":"5887"},"Message":" ","Sender_id":{"$numberInt":"1753710215"},"Replay_to":" ","Time":"2021-05-12 21:15:16+00:00"},{"Message_id":{"$numberInt":"5886"},"Message":" ","Sender_id":{"$numberInt":"1776156234"},"Replay_to":" ","Time":"2021-05-12 21:15:15+00:00"},{"Message_id":{"$numberInt":"5885"},"Message":" ","Sender_id":{"$numberInt":"1893449687"},"Replay_to":" ","Time":"2021-05-12 21:05:45+00:00"},{"Message_id":{"$numberInt":"5884"},"Message":" ","Sender_id":{"$numberInt":"1584444708"},"Replay_to":" ","Time":"2021-05-12 20:48:00+00:00"},{"Message_id":{"$numberInt":"5883"},"Message":" ","Sender_id":{"$numberInt":"1707832847"},"Replay_to":" ","Time":"2021-05-12 20:47:59+00:00"},{"Message_id":{"$numberInt":"5882"},"Message":" ","Sender_id":{"$numberInt":"1799109225"},"Replay_to":" ","Time":"2021-05-12 20:40:42+00:00"},{"Message_id":{"$numberInt":"5881"},"Message":" ","Sender_id":{"$numberInt":"1843948902"},"Replay_to":" ","Time":"2021-05-12 20:27:33+00:00"},{"Message_id":{"$numberInt":"5880"},"Message":" ","Sender_id":{"$numberInt":"1700594528"},"Replay_to":" ","Time":"2021-05-12 20:15:40+00:00"},{"Message_id":{"$numberInt":"5879"},"Message":" ","Sender_id":{"$numberInt":"1882253007"},"Replay_to":" ","Time":"2021-05-12 20:03:40+00:00"},{"Message_id":{"$numberInt":"5878"},"Message":" ","Sender_id":{"$numberInt":"1724995875"},"Replay_to":" ","Time":"2021-05-12 19:49:59+00:00"},{"Message_id":{"$numberInt":"5877"},"Message":" ","Sender_id":{"$numberInt":"1248599647"},"Replay_to":" ","Time":"2021-05-12 19:47:06+00:00"},{"Message_id":{"$numberInt":"5876"},"Message":" ","Sender_id":{"$numberInt":"1248599647"},"Replay_to":" ","Time":"2021-05-12 19:47:03+00:00"},{"Message_id":{"$numberInt":"5875"},"Message":" ","Sender_id":{"$numberInt":"1248599647"},"Replay_to":" ","Time":"2021-05-12 19:47:01+00:00"},{"Message_id":{"$numberInt":"5874"},"Message":" ","Sender_id":{"$numberInt":"1248599647"},"Replay_to":" ","Time":"2021-05-12 19:46:58+00:00"},{"Message_id":{"$numberInt":"5873"},"Message":" ","Sender_id":{"$numberInt":"1248599647"},"Replay_to":" ","Time":"2021-05-12 19:46:56+00:00"},{"Message_id":{"$numberInt":"5872"},"Message":"• سلام ali2. به گروه Fake group خوش امدید !\n\n• ساعت ورود : 00:16:42","Sender_id":{"$numberInt":"1223887600"},"Replay_to":" ","Time":"2021-05-12 19:46:43+00:00"},{"Message_id":{"$numberInt":"5871"},"Message":" ","Sender_id":{"$numberInt":"1741368767"},"Replay_to":" ","Time":"2021-05-12 19:46:42+00:00"},{"Message_id":{"$numberInt":"5869"},"Message":" ","Sender_id":{"$numberInt":"1825947090"},"Replay_to":" ","Time":"2021-05-12 19:26:42+00:00"},{"Message_id":{"$numberInt":"5867"},"Message":" ","Sender_id":{"$numberInt":"1771286925"},"Replay_to":" ","Time":"2021-05-12 18:59:50+00:00"},{"Message_id":{"$numberInt":"5865"},"Message":" ","Sender_id":{"$numberInt":"1844085795"},"Replay_to":" ","Time":"2021-05-12 18:50:31+00:00"},{"Message_id":{"$numberInt":"5863"},"Message":" ","Sender_id":{"$numberInt":"1537688119"},"Replay_to":" ","Time":"2021-05-12 18:00:26+00:00"},{"Message_id":{"$numberInt":"1"},"Message":" ","Sender_id":{"$numberInt":"1087968824"},"Replay_to":" ","Time":"2021-05-10 13:36:07+00:00"}]}
